"","distance","moving_time","elapsed_time","total_elevation_gain","type","start_date","month","month_order","achievement_count","average_speed","max_speed","elev_high","elev_low","pr_count","season"
"1",5.182855511,3421,3776,672.5722,"NordicSki",2022-02-09 23:14:04,"02",7,11,5.45365972,25.66664956,4879.265248,4523.294108,8,"2021/2022 season"
"2",6.4642467872,4464,5021,908.464596,"NordicSki",2022-02-08 22:51:29,"02",7,8,5.2120702,24.87924668,5167.979168,4573.49096,6,"2021/2022 season"
"3",6.9175990688,5384,6479,1120.40686,"NordicSki",2022-02-07 22:24:22,"02",7,8,4.62599192,22.32913508,5167.979168,4575.13138,5,"2021/2022 season"
"4",22.7803307794,9635,15568,12534.777304,"AlpineSki",2022-02-05 19:34:04,"02",7,3,8.5115567,32.37299568,6397.638,3979.330836,1,"2021/2022 season"
"5",26.7437457029,13469,19059,14738.189448,"Snowboard",2022-01-30 17:47:32,"01",6,3,7.1470233,49.18583672,6689.304676,3747.703532,1,"2021/2022 season"
"6",22.724780212,12388,16877,12769.357364,"AlpineSki",2022-01-28 18:30:57,"01",6,0,6.60344688,38.10403596,5539.042172,4497.703556,0,"2021/2022 season"
"7",7.9626829537,2795,2892,145.669296,"Ride",2022-01-27 20:07:17,"01",6,0,10.2563699,24.45422808,1991.797964,1959.317648,0,"2021/2022 season"
"8",24.1339253658,12121,13453,13735.892828,"AlpineSki",2022-01-26 20:13:06,"01",6,3,7.16715576,40.63625204,5539.042172,4516.732428,1,"2021/2022 season"
"9",5.6099859364,3371,4149,663.057764,"NordicSki",2022-01-25 21:31:07,"01",6,11,5.99052532,24.63765716,4831.693068,4575.13138,10,"2021/2022 season"
"10",5.8788531681,5049,5987,662.72968,"NordicSki",2022-01-23 20:28:17,"01",6,3,4.19202556,26.36010096,4832.021152,4573.49096,1,"2021/2022 season"
"11",29.4853588291,12285,18493,18139.108192,"Snowboard",2022-01-20 17:58:59,"01",6,10,8.64129922,35.1646968,6400.590756,3966.207476,4,"2021/2022 season"
"12",4.2873356258,4521,6080,436.023636,"NordicSki",2022-01-18 00:16:38,"01",6,2,3.41357044,17.17075144,4801.837424,4523.294108,0,"2021/2022 season"
"13",4.0253656122,4277,6547,249.34384,"NordicSki",2022-01-13 20:41:45,"01",6,2,3.3889641,22.75862756,4627.62482,4432.742924,0,"2021/2022 season"
"14",20.9065865289,10161,13597,10914.042344,"AlpineSki",2022-01-12 23:27:10,"01",6,12,7.40650834,32.39536508,5816.601236,4375.328224,5,"2021/2022 season"
"15",15.0000202142,18000,18000,10000.00032,"Snowboard",2022-01-10 17:30:00,"01",6,0,2.99973654,0,NA,NA,0,"2021/2022 season"
"16",19.1390345823,10017,17675,10253.609252,"Snowboard",2022-01-08 19:37:46,"01",6,0,6.8785905,37.23162936,5854.330896,4261.154992,0,"2021/2022 season"
"17",1.8088731181,1871,1985,35.104988,"NordicSki",2022-01-05 23:08:53,"01",6,0,3.48067864,13.8578433,1989.173292,1969.488252,0,"2021/2022 season"
"18",8.5130933855,7481,8149,130.577432,"NordicSki",2022-01-05 19:59:47,"01",6,0,4.09583714,10.3682169,2024.606364,1975.06568,0,"2021/2022 season"
"19",1.8897756223,1880,2012,28.215224,"NordicSki",2022-01-04 23:56:20,"01",6,0,3.61936892,9.63673752,1987.204788,1975.06568,0,"2021/2022 season"
"20",5.1981412376,4594,4959,82.677168,"NordicSki",2022-01-04 21:08:24,"01",6,0,4.07346774,14.10614364,1989.173292,1959.317648,0,"2021/2022 season"
"21",19.8544811517,11408,15330,9177.165648,"AlpineSki",2022-01-01 20:05:39,"01",6,1,6.26566894,36.46659588,5537.729836,4504.921404,1,"2021/2022 season"
"22",20.2650831085,11684,14419,11959.317968,"Snowboard",2021-12-30 20:08:07,"12",5,3,6.24329954,30.14947732,5539.042172,4519.3571,0,"2021/2022 season"
"23",5.8018653012,5002,5579,762.7953,"NordicSki",2021-12-29 21:38:36,"12",5,10,4.17636698,22.1904448,4832.021152,4575.13138,2,"2021/2022 season"
"24",12.9255109936,7376,8998,6663.38604,"Snowboard",2021-12-27 20:41:19,"12",5,1,6.3081708,37.97429344,5537.729836,4513.779672,0,"2021/2022 season"
"25",5.7596120732,5897,6691,681.758552,"NordicSki",2021-12-26 19:10:38,"12",5,2,3.51646968,18.93346016,4832.021152,4523.294108,1,"2021/2022 season"
"26",11.5747125767,5956,9840,4843.832176,"Snowboard",2021-12-25 21:24:37,"12",5,2,6.99714832,24.29764228,5538.714088,4722.113012,0,"2021/2022 season"
"27",22.4885349578,13122,16689,11705.052868,"AlpineSki",2021-12-24 19:31:46,"12",5,5,6.16948052,32.84051614,5537.729836,4519.029016,2,"2021/2022 season"
"28",5.8704025225,5873,6304,712.926532,"NordicSki",2021-12-23 22:20:17,"12",5,3,3.59923646,22.11438884,4832.021152,4575.13138,3,"2021/2022 season"
"29",10.772087656,6762,7973,5033.792812,"AlpineSki",2021-12-21 20:10:51,"12",5,3,5.73551416,23.79209384,5537.729836,4518.044764,1,"2021/2022 season"
"30",8.7381539617,5386,6349,5637.467372,"Snowboard",2021-12-21 17:40:05,"12",5,1,5.84065034,26.51221288,5537.401752,4509.842664,0,"2021/2022 season"
"31",6.7557319233,5383,5611,855.971156,"NordicSki",2021-12-20 22:08:24,"12",5,9,4.5186188,20.56195248,4879.265248,4566.92928,7,"2021/2022 season"
"32",4.5547115671,5911,8075,601.706056,"Hike",2021-12-17 21:51:00,"12",5,0,2.7738056,24.8971422,434.383216,9.84252,0,"2021/2022 season"
"33",18.3139160314,9863,16074,7786.417572,"Snowboard",2021-12-15 18:43:05,"12",5,7,6.68397672,29.94367884,9899.606616,8058.071124,2,"2021/2022 season"
"34",27.2535184713,11228,14614,14034.449268,"Snowboard",2021-12-13 18:51:22,"12",5,12,8.73748764,30.69529068,9889.764096,8763.451724,5,"2021/2022 season"
"35",33.1088216785,14326,22851,16309.711808,"Snowboard",2021-12-12 17:14:49,"12",5,19,8.31917986,35.28101768,10972.441296,8286.745672,9,"2021/2022 season"
"36",4.7573406502,6173,6658,645.341228,"Hike",2021-12-05 21:11:03,"12",5,0,2.7738056,6.5094954,2651.902972,2062.992192,0,"2021/2022 season"
"37",1.2873564378,2036,2632,138.123364,"Hike",2021-12-04 22:18:49,"12",5,0,2.27720492,5.67287984,3911.089364,3825.45944,0,"2021/2022 season"
"38",5.1320895003,1359,1359,85.30184,"Ride",2021-12-03 21:47:36,"12",5,0,13.59388438,19.5396709,1991.797964,1959.317648,0,"2021/2022 season"
"39",5.113261959,1314,1314,85.30184,"Ride",2021-11-30 21:27:41,"11",4,0,14.00995522,23.59524312,1991.797964,1959.317648,0,"2021/2022 season"
"40",5.1373090167,1290,1290,85.30184,"Ride",2021-11-29 23:54:41,"11",4,0,14.33654846,18.93346016,1991.797964,1959.317648,0,"2021/2022 season"
"41",10.4241820331,3090,3129,227.034128,"Ride",2021-11-28 20:52:41,"11",4,0,12.14434726,23.0852208,2035.105052,1925.524996,0,"2021/2022 season"
"42",4.557756285,5164,6524,517.388468,"NordicSki",2021-11-26 19:49:49,"11",4,4,3.1764548,21.41646356,4801.837424,4573.49096,0,"2021/2022 season"
"43",6.1021117684,5992,6924,738.189,"NordicSki",2021-11-25 18:12:50,"11",4,6,3.66634466,18.58226058,4801.837424,4573.49096,2,"2021/2022 season"
"44",5.1473752269,1478,1526,85.629924,"Ride",2021-11-22 20:19:13,"11",4,0,12.5380487,23.0181126,1991.797964,1959.317648,0,"2021/2022 season"
"45",5.4865816558,5788,6983,469.816288,"NordicSki",2021-11-20 21:04:53,"11",4,0,3.41357044,13.64980788,4823.162884,4371.063132,0,"2021/2022 season"
"46",5.1049977247,1373,1391,85.30184,"Ride",2021-11-18 21:23:03,"11",4,0,13.38584896,36.43080484,1991.797964,1959.317648,0,"2021/2022 season"
"47",5.1292933308,1569,1597,85.629924,"Ride",2021-11-10 16:07:17,"11",4,0,11.76854134,31.6974398,1991.797964,1959.317648,0,"2021/2022 season"
"48",5.1762068413,1341,1368,85.30184,"Ride",2021-11-08 21:08:52,"11",4,0,13.89587128,20.7811726,1991.797964,1959.317648,0,"2021/2022 season"
"49",5.0995296599,1284,1299,84.973756,"Ride",2021-11-05 19:19:42,"11",4,0,14.29852048,23.79656772,1991.797964,1959.317648,0,"2021/2022 season"
"50",1.1200212275,325,348,19.68504,"Ride",2021-11-03 19:27:39,"11",4,0,12.40606924,19.41216532,1991.797964,1980.315024,0,"2021/2022 season"
"51",5.1588084533,1321,1339,85.629924,"Ride",2021-11-03 00:09:55,"11",4,0,14.0591679,20.86170244,1991.797964,1959.317648,0,"2021/2022 season"
"52",8.8319809827,3006,3171,142.388456,"InlineSkate",2021-10-31 19:05:15,"10",3,1,10.57625232,21.29790574,2024.606364,1975.06568,0,"2021/2022 season"
"53",5.1709873249,1448,1494,96.456696,"Ride",2021-10-28 22:49:20,"10",3,0,12.85569418,22.67809772,1991.797964,1959.317648,0,"2021/2022 season"
"54",18.2776901021,5749,8035,66.272968,"Ride",2021-10-23 20:59:23,"10",3,0,11.44642198,21.03170988,2179.462012,2137.139176,0,"2021/2022 season"
"55",5.1627852277,1382,1416,85.629924,"Ride",2021-10-19 00:28:10,"10",3,0,13.44848328,21.25093,1991.797964,1959.317648,0,"2021/2022 season"
"56",9.7979022022,3428,4105,164.042,"InlineSkate",2021-10-16 21:49:01,"10",3,0,10.289924,19.01399,2019.028936,1959.317648,0,"2021/2022 season"
"57",5.149922848,1332,1345,85.30184,"Ride",2021-10-15 21:30:58,"10",3,0,13.91824068,21.027236,1991.797964,1959.317648,0,"2021/2022 season"
"58",5.9115372827,2093,3622,692.25724,"Ride",2021-10-13 00:09:36,"10",3,0,10.1668923,23.48787,2643.044704,2062.992192,0,"2021/2022 season"
"59",5.1643386552,1344,1344,85.958008,"Ride",2021-10-11 20:53:13,"10",3,0,13.83323696,21.922012,1991.797964,1959.317648,0,"2021/2022 season"
"60",4.2705586088,6789,8371,1348.753324,"Hike",2021-10-09 18:45:10,"10",3,0,2.26378328,6.71082,5870.407012,4528.543452,0,"2021/2022 season"
"61",5.1438955493,1329,1351,85.30184,"Ride",2021-10-08 21:13:20,"10",3,0,13.93389926,25.948504,1991.797964,1959.317648,0,"2021/2022 season"
"62",5.1581249452,1371,1394,85.629924,"Ride",2021-10-06 21:57:31,"10",3,0,13.5446717,24.830034,1991.797964,1959.317648,0,"2021/2022 season"
"63",5.9404931713,2158,3669,693.569576,"Ride",2021-10-06 00:09:24,"10",3,1,9.9096442,22.816788,2643.044704,2062.992192,1,"2021/2022 season"
"64",5.1507927674,1257,1272,85.30184,"Ride",2021-10-04 21:33:20,"10",3,0,14.7526193,21.698318,1991.797964,1959.317648,0,"2021/2022 season"
"65",22.8793773168,16828,20478,2734.58014,"Ride",2021-10-02 19:08:35,"10",3,0,4.89442472,20.13246,1520.997424,748.359604,0,"2021/2022 season"
"66",1.1740183674,1701,2225,159.776908,"Hike",2021-10-01 20:22:42,"10",3,0,2.48524034,6.934514,919.619452,829.724436,0,"2021/2022 season"
"67",5.1342021617,1287,1309,84.973756,"Ride",2021-09-30 21:30:49,"09",2,0,14.3611548,23.040482,1991.797964,1959.317648,0,"2021/2022 season"
"68",5.1305982099,1505,1528,85.629924,"Ride",2021-09-30 01:04:06,"09",2,0,12.27185284,20.13246,1991.797964,1959.317648,0,"2021/2022 season"
"69",5.1688746635,2047,3109,85.958008,"InlineSkate",2021-09-29 01:15:58,"09",2,0,9.09092416,17.448132,1991.797964,1959.317648,0,"2021/2022 season"
"70",5.1577521226,1374,1426,85.629924,"Ride",2021-09-28 22:27:35,"09",2,0,13.51335454,21.474624,1991.797964,1959.317648,0,"2021/2022 season"
"71",0.9474043637,1328,1570,12.139108,"Hike",2021-09-24 17:45:09,"09",2,0,2.56800712,7.158208,2282.152304,2268.372776,0,"2021/2022 season"
"72",6.7390791805,3789,5180,631.233616,"Ride",2021-09-24 16:03:06,"09",2,0,6.40212228,20.803542,2524.278296,2282.480388,0,"2021/2022 season"
"73",2.728440061,736,1164,18.372704,"Ride",2021-09-21 21:51:58,"09",2,0,13.34558404,22.816788,606.627316,588.254612,0,"2021/2022 season"
"74",1.5830047596,558,601,17.060368,"Ride",2021-09-21 21:33:05,"09",2,0,10.21386804,24.382646,606.627316,589.238864,0,"2021/2022 season"
"75",1.1120676787,716,819,0,"Ride",2021-09-21 21:18:58,"09",2,0,5.59235,14.763804,606.299232,603.346476,0,"2021/2022 season"
"76",3.856228426,2436,5333,484.251984,"Ride",2021-09-21 17:59:54,"09",2,0,5.69972312,19.908766,870.734936,642.060388,0,"2021/2022 season"
"77",2.9290186198,1758,3494,44.619424,"Ride",2021-09-19 23:03:35,"09",2,0,5.99723614,13.645334,600.721804,583.661436,0,"2021/2022 season"
"78",3.7283502742,1323,1376,220.144364,"Ride",2021-09-13 23:39:39,"09",2,0,10.1445229,22.145706,752.296612,670.275612,0,"2021/2022 season"
"79",5.8333066738,2767,2829,463.582692,"Ride",2021-08-25 23:24:45,"08",1,9,7.58993742,16.77705,942.585332,806.758556,5,"2021/2022 season"
"80",4.5432783407,1381,1388,108.923888,"Ride",2021-08-24 17:09:26,"08",1,0,11.84236036,24.60634,649.934404,590.879284,0,"2021/2022 season"
"81",5.9523613574,2881,3044,442.9134,"Ride",2021-08-21 22:35:09,"08",1,4,7.4378255,20.803542,942.585332,807.08664,2,"2021/2022 season"
"82",7.3040918308,4112,4660,693.241492,"Ride",2021-08-20 20:41:28,"08",1,4,6.39541146,22.3694,942.585332,794.619448,2,"2021/2022 season"
"83",20.3705297672,6538,7917,295.931768,"Ride",2021-08-16 22:30:24,"08",1,0,11.21601716,24.382646,630.577448,583.98952,0,"2021/2022 season"
"84",5.1422178476,1265,1272,84.973756,"Ride",2021-08-11 20:34:25,"08",1,0,14.63406148,22.593094,1991.797964,1959.317648,0,"2021/2022 season"
"85",5.9065041776,2149,4368,691.272988,"Ride",2021-08-11 01:51:32,"08",1,1,9.89398562,23.040482,2643.044704,2062.992192,1,"2021/2022 season"
"86",5.0544181253,1315,1338,85.30184,"Ride",2021-08-10 20:30:09,"08",1,0,13.83771084,22.593094,1991.797964,1959.645732,0,"2021/2022 season"
"87",5.0984111921,1352,1370,86.614176,"Ride",2021-08-10 01:47:52,"08",1,0,13.57598886,24.830034,1993.1103,1959.645732,0,"2021/2022 season"
"88",5.1279884517,1256,1273,88.254596,"Ride",2021-08-09 20:54:49,"08",1,0,14.69893274,23.935258,1994.75072,1959.645732,0,"2021/2022 season"
"89",5.2469188611,8729,13724,791.666692,"Hike",2021-08-07 17:01:42,"08",1,0,2.16312098,8.500372,5907.480504,5320.538228,0,"2021/2022 season"
"90",5.133767202,1257,1257,84.973756,"Ride",2021-08-06 20:18:23,"08",1,0,14.70340662,24.830034,1991.797964,1959.645732,0,"2021/2022 season"
"91",5.1512898642,1337,1346,84.973756,"Ride",2021-07-27 20:47:11,"07",12,0,13.87126494,21.922012,1993.1103,1959.645732,0,"2020/2021 season"
"92",5.1409751056,1471,1506,85.30184,"Ride",2021-07-27 01:32:21,"07",12,0,12.58055056,19.908766,1991.141796,1959.645732,0,"2020/2021 season"
"93",0.9723834779,625,654,12.139108,"Ride",2021-07-26 01:56:16,"07",12,0,5.60129776,12.750558,1992.454132,1979.658856,0,"2020/2021 season"
"94",5.9995234163,2664,4445,687.664064,"Ride",2021-07-18 01:22:00,"07",12,2,8.10667056,26.172198,2642.388536,2063.976444,1,"2020/2021 season"
"95",52.977470089,6292,7172,3405.51192,"EBikeRide",2021-07-17 18:13:26,"07",12,0,30.310537,60.844768,2673.556516,1986.54862,0,"2020/2021 season"
"96",4.9349906191,1703,2427,88.910764,"InlineSkate",2021-07-13 03:39:52,"07",12,0,10.43308816,17.224438,1995.078804,1959.645732,0,"2020/2021 season"
"97",5.0849895785,1211,1223,85.30184,"Ride",2021-07-12 20:28:47,"07",12,0,15.11724052,20.803542,1992.126048,1959.645732,0,"2020/2021 season"
"98",7.90383912,2136,2136,141.07612,"Ride",2021-07-11 19:30:45,"07",12,0,13.3209777,19.685072,1992.126048,1949.475128,0,"2020/2021 season"
"99",5.7035022719,1937,2199,97.769032,"InlineSkate",2021-07-11 03:41:10,"07",12,1,10.60085866,25.277422,1992.126048,1959.645732,0,"2020/2021 season"
"100",6.5245819113,1790,1818,123.687668,"Ride",2021-07-10 03:40:49,"07",12,1,13.12189004,20.803542,2044.619488,1974.081428,0,"2020/2021 season"
"101",4.2833588514,4642,5834,10.826772,"Kayaking",2021-07-10 00:29:03,"07",12,0,3.3218559,9.171454,2023.294028,1974.081428,0,"2020/2021 season"
"102",5.1241980886,1305,1377,84.973756,"Ride",2021-07-09 19:54:32,"07",12,0,14.13522386,20.803542,1993.766468,1959.645732,0,"2020/2021 season"
"103",5.1097822814,1269,1277,84.973756,"Ride",2021-07-09 03:52:37,"07",12,0,14.4953712,26.84328,1995.078804,1959.973816,0,"2020/2021 season"
"104",5.4100908857,1527,1889,84.317588,"Ride",2021-07-08 18:19:45,"07",12,1,12.75503188,22.145706,1991.141796,1959.645732,0,"2020/2021 season"
"105",5.1240116773,1186,1198,85.958008,"Ride",2021-07-06 21:44:05,"07",12,0,15.55344382,25.277422,1994.422636,1959.645732,0,"2020/2021 season"
"106",5.2482858773,1172,1186,84.973756,"Ride",2021-06-22 20:15:54,"06",11,1,16.12162658,26.395892,1995.406888,1959.645732,0,"2020/2021 season"
"107",6.0305919663,2103,2186,686.351728,"Ride",2021-06-20 19:42:30,"06",11,11,10.3234781,29.751302,2642.388536,2063.976444,8,"2020/2021 season"
"108",6.3967037595,1917,1917,108.595804,"InlineSkate",2021-06-20 18:07:37,"06",11,1,12.0123678,20.803542,1992.126048,1959.645732,0,"2020/2021 season"
"109",5.7204657002,7023,8034,820.21,"Hike",2021-06-17 15:49:14,"06",11,0,2.93262834,8.052984,6458.005456,5860.892576,0,"2020/2021 season"
"110",5.8441185292,7431,8821,554.790044,"Hike",2021-06-16 20:43:21,"06",11,0,2.83196604,8.500372,6454.068448,5856.955568,0,"2020/2021 season"
"111",18.1033333995,25850,39013,2583.333416,"Hike",2021-06-14 13:43:10,"06",11,0,2.52103138,7.82929,9043.63546,6805.118328,0,"2020/2021 season"
"112",8.0754617902,3874,4014,38.057744,"Kayaking",2021-06-13 15:41:41,"06",11,0,7.5049337,17.000744,5746.719344,5649.60648,0,"2020/2021 season"
"113",4.0559992025,5556,6868,473.097128,"Hike",2021-06-12 21:58:36,"06",11,0,2.6284045,5.368656,7011.483164,6631.889976,0,"2020/2021 season"
"114",5.0797700621,1124,1136,85.30184,"Ride",2021-06-10 18:55:41,"06",11,1,16.26926462,21.474624,1991.797964,1959.645732,0,"2020/2021 season"
"115",11.9056547713,4783,5268,280.51182,"Ride",2021-06-10 01:00:33,"06",11,0,8.96118164,24.60634,1992.782216,1919.2914,0,"2020/2021 season"
"116",6.342955168,3240,4603,688.320232,"Ride",2021-06-09 01:05:21,"06",11,0,7.04859794,19.908766,2642.388536,2063.976444,0,"2020/2021 season"
"117",9.012364984,3014,3125,150.262472,"InlineSkate",2021-06-05 20:39:42,"06",11,0,10.76415528,21.25093,2015.748096,1959.645732,0,"2020/2021 season"
"118",9.2507228996,3002,3136,149.606304,"InlineSkate",2021-06-05 01:46:39,"06",11,1,11.09298546,18.119214,2015.748096,1959.645732,0,"2020/2021 season"
"119",5.9696976083,2120,3814,688.320232,"Ride",2021-06-04 01:23:50,"06",11,11,10.13781208,25.501116,2642.388536,2063.976444,9,"2020/2021 season"
"120",5.1120813541,1197,1212,84.973756,"Ride",2021-06-03 18:20:06,"06",11,0,15.37448862,26.84328,1991.797964,1959.645732,0,"2020/2021 season"
"121",6.6543863132,1586,1597,116.797904,"Ride",2021-06-01 19:53:39,"06",11,3,15.10381888,27.738056,1993.1103,1949.475128,0,"2020/2021 season"
"122",15.4463510035,3891,4072,310.03938,"Ride",2021-06-01 01:55:33,"06",11,3,14.29180966,25.72481,2018.044684,1921.259904,0,"2020/2021 season"
"123",6.3781869037,1582,1600,109.90814,"Ride",2021-05-28 03:12:58,"05",10,2,14.51326672,26.172198,1994.094552,1959.645732,0,"2020/2021 season"
"124",9.858672286,2810,3396,73.490816,"EBikeRide",2021-05-28 01:52:00,"05",10,0,12.62976324,41.607084,2035.105052,1987.204788,0,"2020/2021 season"
"125",9.377109761,2233,2307,158.464572,"Ride",2021-05-27 19:26:05,"05",10,5,15.11724052,27.96175,2017.7166,1959.645732,2,"2020/2021 season"
"126",19.5979170658,4578,4586,372.37534,"Ride",2021-05-27 01:41:43,"05",10,12,15.41027966,30.19869,2024.934448,1921.259904,3,"2020/2021 season"
"127",5.1047491763,1135,1139,84.645672,"Ride",2021-05-26 21:55:48,"05",10,4,16.19097172,25.948504,1992.782216,1959.645732,4,"2020/2021 season"
"128",5.0958014339,1087,1087,85.629924,"Ride",2021-05-25 20:38:49,"05",10,4,16.8777123,27.96175,1994.75072,1959.645732,3,"2020/2021 season"
"129",5.8784182084,2126,2141,687.33598,"Ride",2021-05-22 01:20:57,"05",10,16,9.954383,29.527608,2642.388536,2063.976444,6,"2020/2021 season"
"130",5.0894013126,1340,1358,84.973756,"Ride",2021-05-21 20:34:23,"05",10,1,13.67217728,23.48787,1992.126048,1959.645732,0,"2020/2021 season"
"131",5.102077281,1201,1221,85.30184,"Ride",2021-05-17 19:08:28,"05",10,0,15.29395878,23.264176,1991.797964,1959.645732,0,"2020/2021 season"
"132",25.4215924891,3305,3951,1535.43312,"EBikeRide",2021-05-15 20:13:57,"05",10,0,27.69108026,46.752046,2673.556516,1986.876704,0,"2020/2021 season"
"133",4.9774923955,1686,2999,90.2231,"InlineSkate",2021-05-15 02:29:52,"05",10,1,10.62770194,21.698318,1995.734972,1959.645732,1,"2020/2021 season"
"134",5.074736957,1181,1201,85.629924,"Ride",2021-05-14 19:15:17,"05",10,1,15.4684401,22.593094,1992.782216,1959.645732,1,"2020/2021 season"
"135",9.1234661188,3359,3600,145.013128,"InlineSkate",2021-05-13 00:16:04,"05",10,0,9.77766474,19.685072,2025.590616,1974.081428,0,"2020/2021 season"
"136",6.8955403983,2800,3407,124.67192,"InlineSkate",2021-05-12 03:00:37,"05",10,1,8.86499322,15.65858,1994.75072,1959.645732,0,"2020/2021 season"
"137",5.144330509,1283,1298,84.973756,"Ride",2021-05-11 19:54:17,"05",10,2,14.43497382,21.474624,1992.454132,1959.645732,0,"2020/2021 season"
"138",5.0764767958,1276,1276,86.94226,"Ride",2021-05-07 19:37:48,"05",10,0,14.32312682,21.922012,1993.438384,1959.645732,0,"2020/2021 season"
"139",5.0924460305,1199,1213,85.30184,"Ride",2021-05-05 20:45:13,"05",10,2,15.2894849,27.96175,1992.454132,1959.645732,1,"2020/2021 season"
"140",5.1086016765,1235,1235,85.629924,"Ride",2021-05-05 15:52:00,"05",10,1,14.89130958,21.25093,1994.75072,1959.645732,0,"2020/2021 season"
"141",5.1118949428,1255,1255,85.629924,"Ride",2021-05-04 19:08:20,"05",10,1,14.6631417,21.698318,1992.454132,1959.645732,1,"2020/2021 season"
"142",5.1202213142,1361,1377,84.645672,"Ride",2021-05-04 00:54:04,"05",10,0,13.5446717,22.593094,1991.46988,1959.645732,0,"2020/2021 season"
"143",2.3341180244,3577,4953,150.262472,"Hike",2021-05-02 18:26:27,"05",10,0,2.348787,6.039738,1468.1759,1326.443612,0,"2020/2021 season"
"144",2.9734466463,4426,7735,58.727036,"Hike",2021-05-01 21:39:27,"05",10,0,2.41813214,13.869028,1317.25726,1280.511852,0,"2020/2021 season"
"145",2.6831421151,1415,1431,48.884516,"Run",2021-04-28 03:50:54,"04",9,5,6.82714088,10.06623,1988.845208,1963.254656,2,"2020/2021 season"
"146",7.1521044842,2643,3466,711.614196,"Ride",2021-04-28 01:30:12,"04",9,5,9.7418737,26.172198,2642.388536,2045.275656,1,"2020/2021 season"
"147",5.1484315576,1267,1297,85.958008,"Ride",2021-04-27 19:13:29,"04",9,0,14.6295876,22.593094,1992.782216,1959.645732,0,"2020/2021 season"
"148",7.9517468241,4214,5971,849.081392,"Ride",2021-04-25 21:15:44,"04",9,2,6.79358678,28.185444,2446.850472,2083.989568,1,"2020/2021 season"
"149",5.913587807,2031,2931,686.679812,"Ride",2021-04-24 01:35:02,"04",9,11,10.48230084,25.053728,2642.388536,2063.976444,9,"2020/2021 season"
"150",5.0422392537,1130,1130,84.645672,"Ride",2021-04-23 19:17:20,"04",9,3,16.06346614,21.25093,1995.078804,1959.645732,0,"2020/2021 season"
"151",5.9298677272,2287,2343,687.664064,"Ride",2021-04-23 02:08:32,"04",9,13,9.33475062,34.67257,2642.388536,2063.976444,2,"2020/2021 season"
"152",5.0944344177,1122,1122,85.30184,"Ride",2021-04-22 18:35:14,"04",9,1,16.34532058,26.84328,1994.094552,1959.645732,0,"2020/2021 season"
"153",5.1457596623,1610,1610,92.519688,"InlineSkate",2021-04-22 01:58:03,"04",9,0,11.50681936,18.566602,1992.126048,1959.645732,0,"2020/2021 season"
"154",1.2243494184,3293,5905,1555.446244,"Snowshoe",2021-04-18 23:22:59,"04",9,0,1.33769012,4.921268,5850.065804,4313.320348,0,"2020/2021 season"
"155",11.0440617427,2705,2707,243.766412,"Ride",2021-04-18 19:36:10,"04",9,6,14.69893274,29.751302,1993.766468,1921.259904,3,"2020/2021 season"
"156",8.8799508239,2835,2874,140.748036,"InlineSkate",2021-04-18 00:58:48,"04",9,1,11.27641454,25.277422,2024.934448,1974.081428,0,"2020/2021 season"
"157",11.1089328751,3703,3719,245.078748,"InlineSkate",2021-04-17 18:29:20,"04",9,1,10.79994632,19.461378,1992.782216,1921.259904,1,"2020/2021 season"
"158",5.9130907102,2308,2790,687.007896,"Ride",2021-04-17 02:01:39,"04",9,6,9.22290362,23.935258,2642.388536,2063.976444,0,"2020/2021 season"
"159",5.9134635328,2143,2239,686.679812,"Ride",2021-04-16 00:51:53,"04",9,17,9.93425054,25.501116,2642.388536,2063.976444,10,"2020/2021 season"
"160",3.2943847678,1880,2303,228.674548,"Ride",2021-04-13 00:53:36,"04",9,2,6.3081708,30.646078,2147.30978,2063.976444,0,"2020/2021 season"
"161",16.6021632006,7802,11138,10478.346792,"Snowboard",2021-04-11 16:56:10,"04",9,0,7.6615195,51.225926,5845.800712,4299.54082,0,"2020/2021 season"
"162",6.3612234754,2644,3822,730.314984,"Ride",2021-04-09 23:33:37,"04",9,7,8.66143168,23.264176,2642.388536,2063.976444,3,"2020/2021 season"
"163",12.38392403,4059,4156,214.89502,"Ride",2021-04-09 00:40:10,"04",9,2,10.9833754,21.027236,2032.808464,1974.081428,1,"2020/2021 season"
"164",3.0138978984,3443,4652,222.112868,"NordicSki",2021-04-04 20:59:27,"04",9,2,3.15184846,15.65858,4679.134008,4570.21012,2,"2020/2021 season"
"165",4.5885762866,6109,7102,1025.918668,"Hike",2021-04-03 19:42:26,"04",9,0,2.70446046,5.816044,3560.367568,2353.346532,0,"2020/2021 season"
"166",4.5207225734,1165,1165,82.021,"Ride",2021-04-03 01:32:40,"04",9,0,13.9696903,21.922012,1992.126048,1959.645732,0,"2020/2021 season"
"167",1.1534509873,1807,2877,20.669292,"Walk",2021-03-28 19:54:37,"03",8,0,2.29733738,5.59235,1985.564368,1974.081428,0,"2020/2021 season"
"168",0.303229048,389,1611,0,"Kayaking",2021-03-28 00:23:49,"03",8,0,2.80512276,14.092722,1980.643108,1975.393764,0,"2020/2021 season"
"169",1.9185450996,886,909,326.115496,"Ride",2021-03-27 00:50:48,"03",8,3,7.7957359,23.264176,2388.123436,2063.976444,3,"2020/2021 season"
"170",6.7236691797,2595,3670,740.157504,"Ride",2021-03-26 23:42:40,"03",8,8,9.3280398,23.711564,2642.388536,2063.976444,3,"2020/2021 season"
"171",8.3760189429,15785,23277,3346.4568,"Snowshoe",2021-03-19 18:30:15,"03",8,0,1.91034676,20.803542,5058.071028,1940.288776,0,"2020/2021 season"
"172",3.720769548,6681,9001,1347.440988,"Snowshoe",2021-03-17 22:47:03,"03",8,2,2.00429824,5.144962,5872.047432,4541.010644,2,"2020/2021 season"
"173",4.7027842764,4459,6237,490.157496,"NordicSki",2021-03-17 20:38:32,"03",8,0,3.79608718,19.685072,4806.102516,4576.7718,0,"2020/2021 season"
"174",10.7338733395,4557,5866,308.070876,"Ride",2021-03-17 16:34:33,"03",8,0,8.48023954,22.3694,1992.126048,1915.682476,0,"2020/2021 season"
"175",1.4545673739,613,2406,0,"Snowboard",2021-03-15 01:25:04,"03",8,0,8.54287386,16.329662,5830.05268,4541.010644,0,"2020/2021 season"
"176",6.7389549063,6222,7065,830.380604,"NordicSki",2021-03-13 21:48:25,"03",8,5,3.89898642,23.264176,4862.532964,4576.7718,2,"2020/2021 season"
"177",6.9393470538,3403,3658,109.580056,"InlineSkate",2021-03-11 01:08:59,"03",8,0,7.34163708,27.738056,1994.75072,1959.645732,0,"2020/2021 season"
"178",19.7756913089,11806,18634,12876.640832,"Snowboard",2021-03-06 18:43:21,"03",8,6,6.03079024,40.712308,5602.362384,4520.341352,2,"2020/2021 season"
"179",2.8029424439,4253,5205,644.356976,"Hike",2021-02-28 23:43:47,"02",7,0,2.37339334,11.855782,2641.404284,2063.976444,0,"2020/2021 season"
"180",3.7610343888,6774,12073,1321.850436,"Snowshoe",2021-02-27 20:22:53,"02",7,0,1.99982436,6.487126,5867.126172,4543.635316,0,"2020/2021 season"
"181",25.0655469061,9969,15410,14337.598884,"Snowboard",2021-02-22 18:57:40,"02",7,6,9.05065924,41.159696,6787.729876,4447.834788,2,"2020/2021 season"
"182",12.4405309281,14178,18299,506.88978,"NordicSki",2021-02-21 19:16:43,"02",7,0,3.15855928,16.77705,3448.16284,3197.17858,0,"2020/2021 season"
"183",4.8699330754,5228,6576,257.217856,"NordicSki",2021-02-20 23:43:17,"02",7,0,3.35317306,12.526864,3289.0421,3197.17858,0,"2020/2021 season"
"184",1.0242058193,1363,1817,40.354332,"Hike",2021-02-20 23:12:31,"02",7,0,2.70446046,6.039738,3241.46992,3214.238948,0,"2020/2021 season"
"185",4.5219031783,4477,7775,38.713912,"NordicSki",2021-02-16 00:15:31,"02",7,0,3.6350275,8.500372,1993.766468,1974.081428,0,"2020/2021 season"
"186",7.5361117622,7836,8998,870.078768,"NordicSki",2021-02-14 21:41:19,"02",7,9,3.46278312,19.461378,4840.87942,4518.700932,4,"2020/2021 season"
"187",4.6257342724,4696,6413,465.551196,"NordicSki",2021-02-07 21:48:48,"02",7,4,3.5455499,18.566602,4806.102516,4576.7718,2,"2020/2021 season"
"188",4.8587483974,4731,4909,96.78478,"Ride",2021-02-04 00:24:17,"02",7,0,3.69766182,25.948504,1995.078804,1929.462004,0,"2020/2021 season"
"189",32.7193463357,15059,19569,21959.318288,"Snowboard",2021-01-31 18:06:55,"01",6,0,7.82257918,36.014734,6397.966084,4234.580188,0,"2020/2021 season"
"190",16.9888423739,8742,10033,11375.328448,"Snowboard",2021-01-28 01:57:50,"01",6,1,6.99714832,35.343652,5804.134044,4369.094628,0,"2020/2021 season"
"191",3.7967632213,5791,6206,669.619444,"Hike",2021-01-23 21:56:12,"01",6,0,2.3599717,6.263432,2915.682508,2232.939704,0,"2020/2021 season"
"192",11.6617045167,10729,12897,1380.249388,"NordicSki",2021-01-18 20:13:48,"01",6,8,3.91240806,23.040482,4862.532964,4259.186488,2,"2020/2021 season"
"193",33.2055691432,14879,20435,21511.483628,"Snowboard",2021-01-17 18:12:56,"01",6,0,8.03508848,81.200922,5844.81646,4267.716672,0,"2020/2021 season"
"194",6.0242539821,5303,5877,683.727056,"NordicSki",2021-01-16 21:57:19,"01",6,13,4.08912632,32.43563,4838.582832,4578.41222,6,"2020/2021 season"
"195",18.3601460338,9839,11882,10916.667016,"Snowboard",2021-01-10 20:53:09,"01",6,3,6.71753082,43.62033,6243.110436,4875.32824,0,"2020/2021 season"
"196",6.4676643277,6083,7209,799.868792,"NordicSki",2021-01-01 22:02:52,"01",6,5,3.82740434,25.72481,4862.532964,4578.41222,2,"2020/2021 season"
"197",12.7464940085,7897,10394,6378.609128,"Snowboard",2021-01-01 00:53:15,"01",6,3,5.81157012,44.7388,5274.934552,4369.094628,0,"2020/2021 season"
"198",3.6434709956,4728,5520,436.023636,"NordicSki",2020-12-30 21:55:41,"12",5,2,2.7738056,12.526864,4755.249496,4518.700932,1,"2020/2021 season"
"199",6.6444443772,5792,6371,830.708688,"NordicSki",2020-12-28 21:23:32,"12",5,9,4.12939124,29.303914,4862.532964,4578.41222,7,"2020/2021 season"
"200",3.8559177405,3968,4727,470.472456,"NordicSki",2020-12-26 21:40:59,"12",5,1,3.49857416,28.185444,4724.4096,4576.7718,1,"2020/2021 season"
"201",5.1489907915,1648,1744,125.000004,"Ride",2020-12-24 20:07:53,"12",5,1,11.24733432,36.014734,1996.719224,1954.724472,1,"2020/2021 season"
"202",9.2332623745,6250,8752,3845.800648,"Snowboard",2020-12-16 19:58:12,"12",5,3,5.31944332,35.567346,5796.260028,4227.690424,1,"2020/2021 season"
"203",1.2384545401,1494,1550,19.68504,"Walk",2020-12-14 15:59:46,"12",5,0,2.98407796,15.211192,1985.236284,1974.081428,0,"2020/2021 season"
"204",0.8985646031,1260,1507,9.186352,"Walk",2020-12-13 15:34:12,"12",5,0,2.56800712,10.961006,1985.236284,1975.393764,0,"2020/2021 season"
"205",6.2844841569,7002,8483,618.43834,"NordicSki",2020-12-12 20:39:10,"12",5,6,3.23014136,40.712308,4840.551336,4576.7718,2,"2020/2021 season"
"206",2.671273929,2864,2899,31.824148,"Walk",2020-12-11 22:32:57,"12",5,0,3.35764694,12.974252,1985.892452,1974.081428,0,"2020/2021 season"
"207",1.2945643414,2177,2699,26.24672,"Walk",2020-12-11 15:27:44,"12",5,0,2.14075158,10.961006,1985.236284,1974.737596,0,"2020/2021 season"
"208",10.4942726819,10321,12485,1328.7402,"NordicSki",2020-12-09 20:20:38,"12",5,19,3.65963384,34.67257,4840.87942,4548.556576,11,"2020/2021 season"
"209",6.5085505395,7366,9499,632.217868,"NordicSki",2020-12-05 19:55:24,"12",5,0,3.18092868,25.053728,4839.895168,4558.399096,0,"2020/2021 season"
"210",5.1496742996,7517,10774,355.643056,"NordicSki",2020-11-30 20:25:43,"11",4,0,2.46734482,24.382646,4653.215372,4410.761296,0,"2020/2021 season"
"211",4.4662283367,6777,8998,413.713924,"Hike",2020-11-29 21:10:12,"11",4,0,2.37339334,12.30317,4862.532964,4509.51458,0,"2020/2021 season"
"212",2.7374499405,1484,1494,49.2126,"Run",2020-11-26 02:21:34,"11",4,0,6.64147486,10.961006,1988.845208,1962.926572,0,"2020/2021 season"
"213",3.541193329,5599,7437,887.795304,"Hike",2020-11-22 20:35:14,"11",4,0,2.27720492,6.71082,2599.409532,1944.553868,0,"2020/2021 season"
"214",17.7838865684,5109,5147,322.178488,"Ride",2020-11-14 20:00:08,"11",4,2,12.53133788,31.31716,2076.77172,1974.081428,0,"2020/2021 season"
"215",6.0878823725,6749,7421,1243.110276,"Hike",2020-11-08 20:42:07,"11",4,0,3.24803688,10.737312,3560.367568,2369.094564,0,"2020/2021 season"
"216",6.6143078837,3824,4787,233.923892,"Ride",2020-11-07 23:07:06,"11",4,1,6.22764096,40.488614,1997.047308,1924.540744,0,"2020/2021 season"
"217",2.9185174499,3575,4161,547.90028,"Hike",2020-11-01 00:28:34,"11",4,0,2.93933916,6.934514,2595.472524,2063.976444,0,"2020/2021 season"
"218",7.975918156,3077,3630,770.9974,"Ride",2020-10-21 23:44:19,"10",3,9,9.33251368,34.225182,2644.685124,2061.351772,1,"2020/2021 season"
"219",4.7398801251,6913,7373,851.37798,"Hike",2020-10-17 22:27:31,"10",3,0,2.46734482,20.579848,3166.666768,2365.157556,0,"2020/2021 season"
"220",2.9672950734,4422,4970,577.099756,"Hike",2020-10-11 20:20:02,"10",3,0,2.4158952,9.395148,2644.685124,2061.351772,0,"2020/2021 season"
"221",6.378373315,2823,2825,864.173256,"Ride",2020-10-10 00:26:28,"10",3,4,8.13351384,35.79104,3022.637892,2222.7691,0,"2020/2021 season"
"222",4.1395114649,1820,1889,609.251988,"Ride",2020-10-07 00:50:48,"10",3,8,8.1872004,31.31716,2644.685124,2061.351772,6,"2020/2021 season"
"223",4.1603273934,1830,1850,601.049888,"Ride",2020-10-06 00:47:19,"10",3,8,8.18496346,33.106712,2644.685124,2061.351772,7,"2020/2021 season"
"224",6.1187645112,2774,3027,937.664072,"Ride",2020-09-29 23:39:15,"09",2,4,7.941137,37.580592,3022.637892,2224.081436,0,"2020/2021 season"
"225",4.7552901259,1759,3156,103.34646,"Ride",2020-09-29 01:11:03,"09",2,0,9.73292594,34.67257,1994.094552,1951.443632,0,"2020/2021 season"
"226",1.1284718731,2516,3357,278.215232,"Hike",2020-09-27 22:09:46,"09",2,0,1.61507068,7.381902,2325.459392,2081.364896,0,"2020/2021 season"
"227",7.9687102524,3628,4085,1247.047284,"Ride",2020-09-23 23:08:41,"09",2,1,7.9075829,33.777794,3379.2652,2223.753352,0,"2020/2021 season"
"228",5.5602762564,2857,3287,652.230992,"Ride",2020-09-21 23:57:56,"09",2,8,7.00609608,31.093466,2644.685124,2061.351772,8,"2020/2021 season"
"229",3.6756580134,5283,5672,683.070888,"Hike",2020-09-20 19:48:36,"09",2,0,2.5053728,6.934514,2917.651012,2224.737604,0,"2020/2021 season"
"230",8.0545215875,3850,4433,812.335984,"Ride",2020-09-09 01:22:19,"09",2,8,7.53177698,34.448876,2644.685124,2061.351772,0,"2020/2021 season"
"231",5.6305533165,2180,2419,110.236224,"InlineSkate",2020-09-07 05:17:01,"09",2,0,9.29895958,34.896264,1995.078804,1956.692976,0,"2020/2021 season"
"232",3.8335483845,5195,6040,696.194248,"Hike",2020-09-06 18:29:57,"09",2,0,2.65748472,6.934514,3133.2022,2176.509256,0,"2020/2021 season"
"233",5.6665306974,7473,7962,1195.86618,"Hike",2020-09-06 00:42:28,"09",2,0,2.7290668,30.422384,3552.165468,2358.595876,0,"2020/2021 season"
"234",5.469307542,2384,2960,690.288736,"Ride",2020-09-03 00:24:00,"09",2,14,8.25878248,32.659324,2644.685124,2061.351772,5,"2020/2021 season"
"235",4.084892954,2101,2172,638.779548,"Ride",2020-08-29 02:35:20,"08",1,3,6.99938526,35.119958,2640.420032,2061.351772,1,"2020/2021 season"
"236",7.7832310089,11026,16046,1492.454116,"Hike",2020-08-25 21:49:15,"08",1,0,2.54116384,6.934514,6119.750852,5574.475244,0,"2020/2021 season"
"237",5.4384875404,8803,11461,1006.561712,"Hike",2020-08-24 20:18:16,"08",1,0,2.22351836,5.368656,4096.784908,3142.388552,0,"2020/2021 season"
"238",14.8311315764,4122,5992,398.62206,"Ride",2020-08-23 01:38:25,"08",1,0,12.9518826,37.580592,2562.007956,2168.307156,0,"2020/2021 season"
"239",28.4472342994,6390,6758,549.212616,"Ride",2020-08-21 00:05:21,"08",1,25,16.0276751,40.488614,2075.1313,1916.666728,13,"2020/2021 season"
"240",9.7289300212,3230,3895,137.467196,"Ride",2020-08-20 02:23:44,"08",1,3,10.84244818,38.699062,2031.496128,1972.441008,0,"2020/2021 season"
"241",8.9834712325,2401,2430,226.049876,"Ride",2020-08-19 14:22:15,"08",1,5,13.46861574,40.26492,1990.813712,1923.884576,2,"2020/2021 season"
"242",5.5549324658,1782,1905,136.811028,"Ride",2020-08-18 20:23:30,"08",1,2,11.22272798,31.093466,1992.126048,1951.443632,0,"2020/2021 season"
"243",5.4860224219,2941,3378,121.39108,"Ride",2020-08-18 02:35:06,"08",1,0,6.71529388,35.79104,1995.406888,1951.443632,0,"2020/2021 season"
"244",3.6918136594,1787,2141,225.721792,"Ride",2020-08-15 21:44:25,"08",1,0,7.4378255,30.646078,2581.364912,2443.897716,0,"2020/2021 season"
"245",13.373768033,4633,4826,864.173256,"Ride",2020-08-14 00:49:10,"08",1,1,10.39282324,36.462122,2644.685124,1972.441008,0,"2020/2021 season"
"246",20.1814465719,5116,5116,342.191612,"Ride",2020-08-13 01:30:33,"08",1,18,14.20009512,39.370144,2075.1313,1972.441008,4,"2020/2021 season"
"247",7.6994701981,1835,1856,199.146988,"Ride",2020-08-12 00:35:43,"08",1,6,15.10605582,36.238428,1996.39114,1916.666728,3,"2020/2021 season"
"248",2.0502757516,1680,2089,272.965888,"Ride",2020-08-11 23:59:14,"08",1,1,4.39335016,28.409138,2185.695608,1936.679852,1,"2020/2021 season"
"249",8.1298938898,2079,2376,150.91864,"Ride",2020-08-11 23:18:42,"08",1,6,14.07706342,40.26492,1991.141796,1910.433132,4,"2020/2021 season"
"250",5.7175452565,8732,12695,1191.273004,"Hike",2020-08-08 18:51:28,"08",1,0,2.35773476,8.94776,5259.18652,3836.614296,0,"2020/2021 season"
"251",7.6082529353,12754,16597,2177.821592,"Hike",2020-08-01 19:47:38,"08",1,0,2.1474624,8.724066,6530.840104,4434.05526,0,"2020/2021 season"
"252",10.8173856019,3864,7195,229.002632,"Ride",2020-07-30 01:19:29,"07",12,9,10.0774147,36.238428,1993.438384,1910.105048,1,"2019/2020 season"
"253",10.6407919637,2867,4159,246.063,"Ride",2020-07-29 00:49:36,"07",12,7,13.36124262,37.804286,1991.141796,1911.417384,4,"2019/2020 season"
"254",4.7554144001,1382,1652,83.005252,"Ride",2020-07-26 19:47:11,"07",12,1,12.38817372,35.343652,2030.511876,1972.441008,0,"2019/2020 season"
"255",4.3323850233,3567,3695,19.356956,"Kayaking",2020-07-26 18:24:43,"07",12,0,4.3732177,19.237684,2023.622112,1972.441008,0,"2019/2020 season"
"256",7.7535294751,1946,1997,205.380584,"Ride",2020-07-21 02:49:26,"07",12,0,14.34325928,35.343652,1996.39114,1916.666728,0,"2019/2020 season"
"257",1.1907953844,761,854,145.669296,"Ride",2020-07-21 02:35:02,"07",12,0,5.63261492,27.96175,2114.829464,1972.769092,0,"2019/2020 season"
"258",7.8838931109,1965,2107,151.246724,"Ride",2020-07-21 01:59:45,"07",12,0,14.44392158,36.685816,1991.46988,1916.666728,0,"2019/2020 season"
"259",1.12468151,854,3499,21.653544,"Kayaking",2020-07-20 00:36:56,"07",12,0,4.74007586,17.671826,2014.763844,1972.441008,0,"2019/2020 season"
"260",19.3791323367,4612,4616,371.719172,"Ride",2020-07-19 22:33:27,"07",12,1,15.12618828,34.225182,2102.034188,1972.441008,0,"2019/2020 season"
